[
    {
        "zip": "59401",
        "city": "Great Falls",
        "county": "Cascade County"
    },
    {
        "zip": "59402",
        "city": "Great Falls",
        "county": "Cascade County"
    },
    {
        "zip": "59403",
        "city": "Great Falls",
        "county": "Cascade County"
    },
    {
        "zip": "59404",
        "city": "Great Falls",
        "county": "Cascade County"
    },
    {
        "zip": "59405",
        "city": "Great Falls",
        "county": "Cascade County"
    },
    {
        "zip": "59406",
        "city": "Great Falls",
        "county": "Cascade County"
    },
    {
        "zip": "59414",
        "city": "Black Eagle",
        "county": "Cascade County"
    },
    {
        "zip": "59421",
        "city": "Cascade",
        "county": "Cascade County"
    },
    {
        "zip": "59443",
        "city": "Fort Shaw",
        "county": "Cascade County"
    },
    {
        "zip": "59472",
        "city": "Sand Coulee",
        "county": "Cascade County"
    },
    {
        "zip": "59477",
        "city": "Simms",
        "county": "Cascade County"
    },
    {
        "zip": "59480",
        "city": "Stockett",
        "county": "Cascade County"
    },
    {
        "zip": "59483",
        "city": "Sun River",
        "county": "Cascade County"
    },
    {
        "zip": "59485",
        "city": "Ulm",
        "county": "Cascade County"
    },
    {
        "zip": "59487",
        "city": "Vaughn",
        "county": "Cascade County"
    },
    {
        "zip": "59412",
        "city": "Belt",
        "county": "Cascade County"
    },
    {
        "zip": "59463",
        "city": "Monarch",
        "county": "Cascade County"
    },
    {
        "zip": "59441",
        "city": "Choteau",
        "county": "Teton County"
    },
    {
        "zip": "59479",
        "city": "Pendroy",
        "county": "Teton County"
    },
    {
        "zip": "59457",
        "city": "Chester",
        "county": "Liberty County"
    },
    {
        "zip": "59448",
        "city": "Shelby",
        "county": "Toole County"
    },
    {
        "zip": "59482",
        "city": "Sweet Grass",
        "county": "Toole County"
    },
    {
        "zip": "59101",
        "city": "Billings",
        "county": "Yellowstone County"
    },
    {
        "zip": "59102",
        "city": "Billings",
        "county": "Yellowstone County"
    },
    {
        "zip": "59103",
        "city": "Billings",
        "county": "Yellowstone County"
    },
    {
        "zip": "59104",
        "city": "Billings",
        "county": "Yellowstone County"
    },
    {
        "zip": "59105",
        "city": "Billings",
        "county": "Yellowstone County"
    },
    {
        "zip": "59106",
        "city": "Billings",
        "county": "Yellowstone County"
    },
    {
        "zip": "59107",
        "city": "Billings",
        "county": "Yellowstone County"
    },
    {
        "zip": "59108",
        "city": "Billings",
        "county": "Yellowstone County"
    },
    {
        "zip": "59111",
        "city": "Billings",
        "county": "Yellowstone County"
    },
    {
        "zip": "59112",
        "city": "Billings",
        "county": "Yellowstone County"
    },
    {
        "zip": "59114",
        "city": "Billings",
        "county": "Yellowstone County"
    },
    {
        "zip": "59115",
        "city": "Billings",
        "county": "Yellowstone County"
    },
    {
        "zip": "59116",
        "city": "Billings",
        "county": "Yellowstone County"
    },
    {
        "zip": "59117",
        "city": "Billings",
        "county": "Yellowstone County"
    },
    {
        "zip": "59006",
        "city": "Ballantine",
        "county": "Yellowstone County"
    },
    {
        "zip": "59064",
        "city": "Pompeys Pillar",
        "county": "Yellowstone County"
    },
    {
        "zip": "59079",
        "city": "Shepherd",
        "county": "Yellowstone County"
    },
    {
        "zip": "59088",
        "city": "Worden",
        "county": "Yellowstone County"
    },
    {
        "zip": "59015",
        "city": "Broadview",
        "county": "Golden Valley County"
    }
]